id,symbol,name,current_price,market_cap,price_change_percentage_24h,total_volume,pulled_at
bitcoin,btc,Bitcoin,102121.0,2026470000000.0,-1.04983,23212416391.0,6/21/2025 19:15
ethereum,eth,Ethereum,2285.51,276151000000.0,-4.79095,16816104923.0,6/21/2025 19:15
tether,usdt,Tether,1.0,155831000000.0,0.02106,34894370102.0,6/21/2025 19:15
ripple,xrp,XRP,2.06,121408000000.0,-2.8483,2415791838.0,6/21/2025 19:15
binancecoin,bnb,BNB,628.42,91693540647.0,-2.03679,707656673.0,6/21/2025 19:15
solana,sol,Solana,135.16,71991490246.0,-3.31193,4098467925.0,6/21/2025 19:15
usd-coin,usdc,USDC,0.999804,61244373512.0,-5e-05,7238268697.0,6/21/2025 19:15
tron,trx,TRON,0.270523,25662053246.0,-0.61517,534702165.0,6/21/2025 19:15
dogecoin,doge,Dogecoin,0.154332,23064810085.0,-4.89896,955180018.0,6/21/2025 19:15
staked-ether,steth,Lido Staked Ether,2277.47,21047554696.0,-5.05363,17928129.0,6/21/2025 19:15
cardano,ada,Cardano,0.552992,20025756195.0,-4.33835,617963213.0,6/21/2025 19:15
wrapped-bitcoin,wbtc,Wrapped Bitcoin,101917.0,13127313900.0,-1.1871,222629080.0,6/21/2025 19:15
hyperliquid,hype,Hyperliquid,33.81,11444845504.0,2.27694,323891711.0,6/21/2025 19:15
wrapped-steth,wsteth,Wrapped stETH,2756.59,9810264528.0,-5.02683,12118123.0,6/21/2025 19:15
bitcoin-cash,bch,Bitcoin Cash,464.36,9278259255.0,-1.76246,281763864.0,6/21/2025 19:15
sui,sui,Sui,2.56,8729596873.0,-5.54165,836244660.0,6/21/2025 19:15
leo-token,leo,LEO Token,8.96,8273328843.0,0.93652,2388948.0,6/21/2025 19:15
chainlink,link,Chainlink,11.99,8144829719.0,-4.14124,332111237.0,6/21/2025 19:15
stellar,xlm,Stellar,0.236152,7379279329.0,-2.40218,145609928.0,6/21/2025 19:15
usds,usds,USDS,0.999761,7130429256.0,0.00337,3291106.0,6/21/2025 19:15
avalanche-2,avax,Avalanche,16.79,7088445147.0,-3.52998,353542207.0,6/21/2025 19:15
the-open-network,ton,Toncoin,2.86,7042554153.0,-2.46743,153425169.0,6/21/2025 19:15
whitebit,wbt,WhiteBIT Coin,48.51,6997645308.0,-0.94754,37716050.0,6/21/2025 19:15
shiba-inu,shib,Shiba Inu,1.09e-05,6425254841.0,-3.68535,149347402.0,6/21/2025 19:15
binance-bridged-usdt-bnb-smart-chain,bsc-usd,Binance Bridged USDT (BNB Smart Chain),1.001,6270676132.0,0.15894,4847119509.0,6/21/2025 19:15
litecoin,ltc,Litecoin,80.03,6076418847.0,-3.46185,277032897.0,6/21/2025 19:15
weth,weth,WETH,2275.96,6052423045.0,-5.21663,314618388.0,6/21/2025 19:15
wrapped-eeth,weeth,Wrapped eETH,2434.67,5975630585.0,-5.22067,3982991.0,6/21/2025 19:15
hedera-hashgraph,hbar,Hedera,0.137297,5826735980.0,-5.05478,116720497.0,6/21/2025 19:15
monero,xmr,Monero,308.14,5689000572.0,-0.80724,56966432.0,6/21/2025 19:15
ethena-usde,usde,Ethena USDe,0.999875,5615259910.0,-0.04572,89706925.0,6/21/2025 19:15
polkadot,dot,Polkadot,3.32,5051245499.0,-3.53471,186959725.0,6/21/2025 19:15
bitget-token,bgb,Bitget Token,4.2,4908799514.0,-0.84116,57879199.0,6/21/2025 19:15
coinbase-wrapped-btc,cbbtc,Coinbase Wrapped BTC,102006.0,4729498638.0,-1.17075,257595202.0,6/21/2025 19:15
pi-network,pi,Pi Network,0.51396,3881187653.0,-5.048,71362660.0,6/21/2025 19:15
uniswap,uni,Uniswap,6.4,3880634457.0,-9.19444,611609522.0,6/21/2025 19:15
pepe,pepe,Pepe,9.29e-06,3868621732.0,-5.54923,703858528.0,6/21/2025 19:15
dai,dai,Dai,0.999787,3714841586.0,0.04023,48952073.0,6/21/2025 19:15
aave,aave,Aave,233.82,3554262000.0,-5.15694,328196714.0,6/21/2025 19:15
ethena-staked-usde,susde,Ethena Staked USDe,1.18,3187214803.0,0.02551,15331559.0,6/21/2025 19:15
okb,okb,OKB,50.81,3044040937.0,-1.63702,10240288.0,6/21/2025 19:15
blackrock-usd-institutional-digital-liquidity-fund,buidl,BlackRock USD Institutional Digital Liquidity Fund,1.0,2891612149.0,0.0,0.0,6/21/2025 19:15
bittensor,tao,Bittensor,314.78,2808314702.0,-7.41702,113769610.0,6/21/2025 19:15
aptos,apt,Aptos,4.16,2680180757.0,-2.77719,339147455.0,6/21/2025 19:15
crypto-com-chain,cro,Cronos,0.084269,2632845786.0,-4.21585,18430818.0,6/21/2025 19:15
susds,susds,sUSDS,1.056,2569304495.0,0.01805,10499104.0,6/21/2025 19:15
internet-computer,icp,Internet Computer,4.76,2568852302.0,-3.2778,57979763.0,6/21/2025 19:15
jito-staked-sol,jitosol,Jito Staked SOL,163.34,2432968258.0,-3.52479,37602314.0,6/21/2025 19:15
near,near,NEAR Protocol,1.97,2424985324.0,-5.00864,135811051.0,6/21/2025 19:15
ethereum-classic,etc,Ethereum Classic,15.55,2370907528.0,-3.39832,70702955.0,6/21/2025 19:15
bitcoin,btc,Bitcoin,102105.0,2030060000000.0,-1.07174,23321351096.0,6/21/2025 19:17
ethereum,eth,Ethereum,2284.44,275889000000.0,-4.8561,17090847876.0,6/21/2025 19:17
tether,usdt,Tether,1.0,155831000000.0,0.02044,36751179649.0,6/21/2025 19:17
ripple,xrp,XRP,2.06,121309000000.0,-2.96031,2183038638.0,6/21/2025 19:17
binancecoin,bnb,BNB,628.47,91685135561.0,-2.06235,707252328.0,6/21/2025 19:17
solana,sol,Solana,135.23,71991490246.0,-3.28344,4110724557.0,6/21/2025 19:17
usd-coin,usdc,USDC,0.999803,61244373512.0,-0.00014,7213875404.0,6/21/2025 19:17
tron,trx,TRON,0.270574,25653429483.0,-0.54243,535518813.0,6/21/2025 19:17
dogecoin,doge,Dogecoin,0.15453,23152948182.0,-4.83009,921786775.0,6/21/2025 19:17
staked-ether,steth,Lido Staked Ether,2279.28,21047554696.0,-5.0035,18231443.0,6/21/2025 19:17
cardano,ada,Cardano,0.5528,19963900659.0,-4.44553,621114192.0,6/21/2025 19:17
wrapped-bitcoin,wbtc,Wrapped Bitcoin,101816.0,13127313900.0,-1.19806,222437363.0,6/21/2025 19:17
hyperliquid,hype,Hyperliquid,33.81,11444845504.0,2.43287,324178516.0,6/21/2025 19:17
wrapped-steth,wsteth,Wrapped stETH,2773.78,9810264528.0,-4.1839,12159233.0,6/21/2025 19:17
bitcoin-cash,bch,Bitcoin Cash,464.13,9230192224.0,-1.54531,272649653.0,6/21/2025 19:17
sui,sui,Sui,2.57,8729596873.0,-5.39746,841696360.0,6/21/2025 19:17
leo-token,leo,LEO Token,8.96,8273328843.0,0.94403,2394037.0,6/21/2025 19:17
chainlink,link,Chainlink,11.98,8126861280.0,-4.22833,328855794.0,6/21/2025 19:17
stellar,xlm,Stellar,0.235996,7369676964.0,-2.4284,141514404.0,6/21/2025 19:17
usds,usds,USDS,0.999787,7130429256.0,0.00559,3426394.0,6/21/2025 19:17
avalanche-2,avax,Avalanche,16.79,7088445147.0,-3.57705,350358927.0,6/21/2025 19:17
the-open-network,ton,Toncoin,2.86,7042554153.0,-2.43025,149206534.0,6/21/2025 19:17
whitebit,wbt,WhiteBIT Coin,48.51,6997645308.0,-0.94665,37778026.0,6/21/2025 19:17
shiba-inu,shib,Shiba Inu,1.09e-05,6410310547.0,-3.81823,135181569.0,6/21/2025 19:17
binance-bridged-usdt-bnb-smart-chain,bsc-usd,Binance Bridged USDT (BNB Smart Chain),1.001,6293440328.0,0.21147,5639945349.0,6/21/2025 19:17
litecoin,ltc,Litecoin,80.0,6080639169.0,-3.51838,276981068.0,6/21/2025 19:17
weth,weth,WETH,2276.84,5999051738.0,-5.08539,62693371.0,6/21/2025 19:17
wrapped-eeth,weeth,Wrapped eETH,2439.51,5955101517.0,-4.95849,3992447.0,6/21/2025 19:17
hedera-hashgraph,hbar,Hedera,0.13724,5796913666.0,-5.16346,111451817.0,6/21/2025 19:17
monero,xmr,Monero,308.43,5684506528.0,-0.45036,56825961.0,6/21/2025 19:17
ethena-usde,usde,Ethena USDe,0.998981,5589495212.0,-0.11968,98620923.0,6/21/2025 19:17
polkadot,dot,Polkadot,3.32,5047300681.0,-3.59527,183257314.0,6/21/2025 19:17
bitget-token,bgb,Bitget Token,4.2,4908799514.0,-0.76936,57990431.0,6/21/2025 19:17
coinbase-wrapped-btc,cbbtc,Coinbase Wrapped BTC,101844.0,4729498638.0,-1.16555,257617218.0,6/21/2025 19:17
pepe,pepe,Pepe,9.29e-06,3910523032.0,-5.66029,695735362.0,6/21/2025 19:17
pi-network,pi,Pi Network,0.513575,3881187653.0,-5.3009,71431703.0,6/21/2025 19:17
uniswap,uni,Uniswap,6.4,3845150208.0,-9.18257,587357814.0,6/21/2025 19:17
dai,dai,Dai,0.999687,3714841586.0,0.00473,56435192.0,6/21/2025 19:17
aave,aave,Aave,233.58,3554262000.0,-5.36099,332769939.0,6/21/2025 19:17
ethena-staked-usde,susde,Ethena Staked USDe,1.18,3187606920.0,0.03301,15338439.0,6/21/2025 19:17
okb,okb,OKB,50.82,3044040937.0,-1.92159,9974622.0,6/21/2025 19:17
blackrock-usd-institutional-digital-liquidity-fund,buidl,BlackRock USD Institutional Digital Liquidity Fund,1.0,2891612149.0,0.0,0.0,6/21/2025 19:17
bittensor,tao,Bittensor,315.23,2808314702.0,-7.10866,112475812.0,6/21/2025 19:17
aptos,apt,Aptos,4.15,2680180757.0,-2.86527,339767646.0,6/21/2025 19:17
crypto-com-chain,cro,Cronos,0.084211,2632845786.0,-4.23144,18018186.0,6/21/2025 19:17
susds,susds,sUSDS,1.056,2569304495.0,0.01344,10502134.0,6/21/2025 19:17
internet-computer,icp,Internet Computer,4.76,2568852302.0,-3.29636,54931953.0,6/21/2025 19:17
jito-staked-sol,jitosol,Jito Staked SOL,163.46,2432968258.0,-3.38153,37691450.0,6/21/2025 19:17
near,near,NEAR Protocol,1.97,2424985324.0,-5.02644,131797967.0,6/21/2025 19:17
ethereum-classic,etc,Ethereum Classic,15.54,2367875025.0,-3.48947,66427673.0,6/21/2025 19:17
bitcoin,btc,Bitcoin,102477.0,2036843862642.0,-0.79366,23813129110.0,06/21/2025 19:32
ethereum,eth,Ethereum,2284.62,276298731844.0,-5.25014,16912473059.0,06/21/2025 19:32
tether,usdt,Tether,1.0,155827218537.0,0.01703,39343840420.0,06/21/2025 19:32
ripple,xrp,XRP,2.07,121859338190.0,-2.48261,2218994765.0,06/21/2025 19:32
binancecoin,bnb,BNB,629.76,91849684869.0,-1.93347,533561266.0,06/21/2025 19:32
solana,sol,Solana,136.06,72287850588.0,-2.80671,4157991594.0,06/21/2025 19:32
usd-coin,usdc,USDC,0.999802,61243102855.0,0.00026,5130342162.0,06/21/2025 19:32
tron,trx,TRON,0.271382,25736405413.0,-0.20012,548304803.0,06/21/2025 19:32
dogecoin,doge,Dogecoin,0.155378,23263747786.0,-4.52241,942980897.0,06/21/2025 19:32
staked-ether,steth,Lido Staked Ether,2283.33,20934298612.0,-5.31436,18759139.0,06/21/2025 19:32
cardano,ada,Cardano,0.556087,20092316909.0,-4.23379,666198493.0,06/21/2025 19:32
wrapped-bitcoin,wbtc,Wrapped Bitcoin,102340.0,13181514224.0,-0.81214,226837996.0,06/21/2025 19:32
hyperliquid,hype,Hyperliquid,33.86,11324551498.0,2.12418,326554419.0,06/21/2025 19:32
wrapped-steth,wsteth,Wrapped stETH,2761.14,9801136329.0,-5.08092,15878201.0,06/21/2025 19:32
bitcoin-cash,bch,Bitcoin Cash,465.7,9272077088.0,-1.07211,279016813.0,06/21/2025 19:32
sui,sui,Sui,2.59,8782820014.0,-4.89153,855023951.0,06/21/2025 19:32
leo-token,leo,LEO Token,8.97,8284528221.0,1.07247,2421756.0,06/21/2025 19:32
chainlink,link,Chainlink,12.05,8170298962.0,-4.14181,329567007.0,06/21/2025 19:32
stellar,xlm,Stellar,0.23707,7404586230.0,-2.12623,142549094.0,06/21/2025 19:32
avalanche-2,avax,Avalanche,16.94,7152663600.0,-3.06023,361027458.0,06/21/2025 19:32
usds,usds,USDS,0.999771,7130248762.0,0.01095,3366208.0,06/21/2025 19:32
the-open-network,ton,Toncoin,2.87,7086592133.0,-2.01575,50108876.0,06/21/2025 19:32
whitebit,wbt,WhiteBIT Coin,48.56,6997769474.0,-0.89198,36993275.0,06/21/2025 19:32
shiba-inu,shib,Shiba Inu,1.094e-05,6447172686.0,-3.55591,137479299.0,06/21/2025 19:32
binance-bridged-usdt-bnb-smart-chain,bsc-usd,Binance Bridged USDT (BNB Smart Chain),0.999022,6281397499.0,-0.00535,5985030924.0,06/21/2025 19:32
litecoin,ltc,Litecoin,80.45,6110319493.0,-3.22548,279427296.0,06/21/2025 19:32
weth,weth,WETH,2284.64,6039957919.0,-5.22343,246829648.0,06/21/2025 19:32
wrapped-eeth,weeth,Wrapped eETH,2444.99,5997418212.0,-5.19518,3976452.0,06/21/2025 19:32
hedera-hashgraph,hbar,Hedera,0.138075,5835179386.0,-4.81715,113752056.0,06/21/2025 19:32
monero,xmr,Monero,309.28,5705484967.0,-0.40029,56454201.0,06/21/2025 19:32
ethena-usde,usde,Ethena USDe,1.0,5601175491.0,-0.03482,90724439.0,06/21/2025 19:32
polkadot,dot,Polkadot,3.34,5083485572.0,-3.16615,186725952.0,06/21/2025 19:32
bitget-token,bgb,Bitget Token,4.22,4933081142.0,-0.38338,60195591.0,06/21/2025 19:32
coinbase-wrapped-btc,cbbtc,Coinbase Wrapped BTC,102495.0,4747026385.0,-0.7963,249343979.0,06/21/2025 19:32
pepe,pepe,Pepe,9.38e-06,3935142902.0,-5.07569,693360198.0,06/21/2025 19:32
uniswap,uni,Uniswap,6.46,3877735786.0,-8.45685,593069275.0,06/21/2025 19:32
pi-network,pi,Pi Network,0.516949,3873129042.0,-4.58798,71692990.0,06/21/2025 19:32
dai,dai,Dai,0.999752,3714467275.0,0.0248,55714531.0,06/21/2025 19:32
aave,aave,Aave,235.62,3571160999.0,-4.8271,340369215.0,06/21/2025 19:32
ethena-staked-usde,susde,Ethena Staked USDe,1.18,3187577490.0,0.02158,15379124.0,06/21/2025 19:32
okb,okb,OKB,50.84,3050908446.0,-2.18932,10999579.0,06/21/2025 19:32
blackrock-usd-institutional-digital-liquidity-fund,buidl,BlackRock USD Institutional Digital Liquidity Fund,1.0,2891612149.0,0.0,0.0,06/21/2025 19:32
bittensor,tao,Bittensor,318.34,2824931422.0,-6.21592,116020085.0,06/21/2025 19:32
aptos,apt,Aptos,4.18,2686828247.0,-2.57058,324266269.0,06/21/2025 19:32
crypto-com-chain,cro,Cronos,0.084506,2625469595.0,-4.05643,18060837.0,06/21/2025 19:32
susds,susds,sUSDS,1.056,2569016057.0,0.00553,10480051.0,06/21/2025 19:32
internet-computer,icp,Internet Computer,4.79,2559939691.0,-3.15515,59201574.0,06/21/2025 19:32
jito-staked-sol,jitosol,Jito Staked SOL,164.66,2443635578.0,-2.97981,38379820.0,06/21/2025 19:32
near,near,NEAR Protocol,1.98,2438501228.0,-4.74865,134423324.0,06/21/2025 19:32
ethereum-classic,etc,Ethereum Classic,15.59,2377381595.0,-3.55063,65679964.0,06/21/2025 19:32
bitcoin,btc,Bitcoin,102979.0,2048262853341.0,-0.26916,25112703933.0,06/21/2025 19:46
ethereum,eth,Ethereum,2299.53,277761189138.0,-4.6528,16765379134.0,06/21/2025 19:46
tether,usdt,Tether,1.0,155825702622.0,0.01335,30813012227.0,06/21/2025 19:46
ripple,xrp,XRP,2.08,122645006756.0,-1.81441,2258976832.0,06/21/2025 19:46
binancecoin,bnb,BNB,631.49,92139213058.0,-1.69674,528364628.0,06/21/2025 19:46
solana,sol,Solana,136.66,72650656784.0,-2.49646,4233441386.0,06/21/2025 19:46
usd-coin,usdc,USDC,0.999791,61242459685.0,-0.00117,7754592718.0,06/21/2025 19:46
tron,trx,TRON,0.272262,25827361398.0,0.12244,559226538.0,06/21/2025 19:46
dogecoin,doge,Dogecoin,0.156958,23485867807.0,-3.48966,962049434.0,06/21/2025 19:46
staked-ether,steth,Lido Staked Ether,2298.68,21067873085.0,-4.7308,18572925.0,06/21/2025 19:46
cardano,ada,Cardano,0.5623,20314926346.0,-3.10565,655897507.0,06/21/2025 19:46
wrapped-bitcoin,wbtc,Wrapped Bitcoin,102768.0,13279221549.0,-0.40152,236263694.0,06/21/2025 19:46
hyperliquid,hype,Hyperliquid,34.08,11405213188.0,2.97202,333798898.0,06/21/2025 19:46
wrapped-steth,wsteth,Wrapped stETH,2775.9,9874511346.0,-4.67609,16142549.0,06/21/2025 19:46
bitcoin-cash,bch,Bitcoin Cash,467.49,9297126342.0,-0.62724,269850089.0,06/21/2025 19:46
sui,sui,Sui,2.61,8852511975.0,-4.04899,836737162.0,06/21/2025 19:46
leo-token,leo,LEO Token,8.96,8274929064.0,0.75357,2443594.0,06/21/2025 19:46
chainlink,link,Chainlink,12.15,8238105391.0,-3.26966,341019054.0,06/21/2025 19:46
stellar,xlm,Stellar,0.238083,7431728701.0,-1.80748,144305531.0,06/21/2025 19:46
avalanche-2,avax,Avalanche,17.03,7191497638.0,-2.27192,364136740.0,06/21/2025 19:46
the-open-network,ton,Toncoin,2.89,7131400281.0,-1.18994,152336092.0,06/21/2025 19:46
usds,usds,USDS,0.999768,7130727968.0,0.00202,3558465.0,06/21/2025 19:46
whitebit,wbt,WhiteBIT Coin,48.53,6994441092.0,-0.93834,40440893.0,06/21/2025 19:46
shiba-inu,shib,Shiba Inu,1.1e-05,6483760604.0,-2.90861,140420532.0,06/21/2025 19:46
binance-bridged-usdt-bnb-smart-chain,bsc-usd,Binance Bridged USDT (BNB Smart Chain),1.0,6286989191.0,0.00819,5592695084.0,06/21/2025 19:46
litecoin,ltc,Litecoin,81.13,6165895756.0,-2.39832,280151774.0,06/21/2025 19:46
weth,weth,WETH,2302.07,6061469756.0,-4.56735,456517509.0,06/21/2025 19:46
wrapped-eeth,weeth,Wrapped eETH,2462.09,6022322474.0,-4.66301,3934347.0,06/21/2025 19:46
hedera-hashgraph,hbar,Hedera,0.139291,5883802360.0,-4.01083,116090727.0,06/21/2025 19:46
monero,xmr,Monero,309.34,5710255365.0,-0.7453,57086806.0,06/21/2025 19:46
ethena-usde,usde,Ethena USDe,1.0,5604090185.0,-0.02533,91590224.0,06/21/2025 19:46
polkadot,dot,Polkadot,3.35,5104419774.0,-2.63995,187629720.0,06/21/2025 19:46
bitget-token,bgb,Bitget Token,4.23,4949891790.0,-0.08583,60622804.0,06/21/2025 19:46
coinbase-wrapped-btc,cbbtc,Coinbase Wrapped BTC,102873.0,4773490527.0,-0.37362,258808352.0,06/21/2025 19:46
pepe,pepe,Pepe,9.43e-06,3969694371.0,-4.59784,707834167.0,06/21/2025 19:46
uniswap,uni,Uniswap,6.54,3932936091.0,-7.67639,607779906.0,06/21/2025 19:46
pi-network,pi,Pi Network,0.521185,3905820431.0,-3.77295,71993378.0,06/21/2025 19:46
dai,dai,Dai,0.999734,3714570142.0,0.02262,58737782.0,06/21/2025 19:46
aave,aave,Aave,237.3,3599361540.0,-4.13598,350481138.0,06/21/2025 19:46
ethena-staked-usde,susde,Ethena Staked USDe,1.18,3187569712.0,0.02982,15515283.0,06/21/2025 19:46
okb,okb,OKB,51.1,3064546098.0,-1.892,11498281.0,06/21/2025 19:46
blackrock-usd-institutional-digital-liquidity-fund,buidl,BlackRock USD Institutional Digital Liquidity Fund,1.0,2891612149.0,0.0,0.0,06/21/2025 19:46
bittensor,tao,Bittensor,321.1,2854553175.0,-5.5995,120656215.0,06/21/2025 19:46
aptos,apt,Aptos,4.2,2702543981.0,-2.01843,323035120.0,06/21/2025 19:46
crypto-com-chain,cro,Cronos,0.084995,2641177181.0,-3.12111,18077369.0,06/21/2025 19:46
internet-computer,icp,Internet Computer,4.82,2579825119.0,-2.19188,56770267.0,06/21/2025 19:46
susds,susds,sUSDS,1.056,2569191042.0,0.00795,9544981.0,06/21/2025 19:46
jito-staked-sol,jitosol,Jito Staked SOL,165.86,2463191703.0,-2.31951,32641977.0,06/21/2025 19:46
near,near,NEAR Protocol,2.0,2457096550.0,-3.87307,135791545.0,06/21/2025 19:46
ethereum-classic,etc,Ethereum Classic,15.73,2394852052.0,-2.58039,62741883.0,06/21/2025 19:46
bitcoin,btc,Bitcoin,102139.0,2032258463208.0,-1.24666,27617781004.0,06/21/2025 21:35
ethereum,eth,Ethereum,2264.47,273500000364.0,-6.47722,19614032915.0,06/21/2025 21:35
tether,usdt,Tether,1.0,155830111808.0,0.02053,26991339456.0,06/21/2025 21:35
ripple,xrp,XRP,2.05,120821115969.0,-3.68028,2408097777.0,06/21/2025 21:35
binancecoin,bnb,BNB,628.41,91694976247.0,-2.36642,763754961.0,06/21/2025 21:35
solana,sol,Solana,134.17,71345764602.0,-4.07795,4559226217.0,06/21/2025 21:35
usd-coin,usdc,USDC,0.999806,61242509666.0,-0.0061,6671020363.0,06/21/2025 21:35
tron,trx,TRON,0.271574,25761677007.0,-0.48454,600712714.0,06/21/2025 21:35
dogecoin,doge,Dogecoin,0.15394,23081292582.0,-5.62897,1093133696.0,06/21/2025 21:35
staked-ether,steth,Lido Staked Ether,2261.46,20756882158.0,-6.55621,19836470.0,06/21/2025 21:35
cardano,ada,Cardano,0.54896,19838126850.0,-6.01053,705969670.0,06/21/2025 21:35
wrapped-bitcoin,wbtc,Wrapped Bitcoin,102114.0,13145607236.0,-1.10829,246228297.0,06/21/2025 21:35
hyperliquid,hype,Hyperliquid,33.0,11020913187.0,-4.36765,342385127.0,06/21/2025 21:35
wrapped-steth,wsteth,Wrapped stETH,2727.55,9661708294.0,-6.71502,14658310.0,06/21/2025 21:35
bitcoin-cash,bch,Bitcoin Cash,461.34,9175420757.0,-0.96161,297809834.0,06/21/2025 21:35
sui,sui,Sui,2.54,8638183664.0,-6.67057,896029905.0,06/21/2025 21:35
leo-token,leo,LEO Token,8.95,8270646471.0,0.64539,2514742.0,06/21/2025 21:35
chainlink,link,Chainlink,11.9,8076187921.0,-5.81083,370291472.0,06/21/2025 21:35
stellar,xlm,Stellar,0.234944,7338050787.0,-3.37463,161344624.0,06/21/2025 21:35
usds,usds,USDS,0.999859,7130988929.0,0.00356,3448976.0,06/21/2025 21:35
avalanche-2,avax,Avalanche,16.68,7039434252.0,-4.72584,391108096.0,06/21/2025 21:35
the-open-network,ton,Toncoin,2.83,7000420842.0,-2.96276,136123210.0,06/21/2025 21:35
whitebit,wbt,WhiteBIT Coin,48.49,6987506394.0,-1.08313,43230875.0,06/21/2025 21:35
shiba-inu,shib,Shiba Inu,1.082e-05,6384055593.0,-4.93981,160580667.0,06/21/2025 21:35
binance-bridged-usdt-bnb-smart-chain,bsc-usd,Binance Bridged USDT (BNB Smart Chain),1.001,6294687643.0,0.01101,5768019159.0,06/21/2025 21:35
litecoin,ltc,Litecoin,79.96,6082339491.0,-4.16118,296559872.0,06/21/2025 21:35
weth,weth,WETH,2263.04,5966218303.0,-6.55716,45441538.0,06/21/2025 21:35
wrapped-eeth,weeth,Wrapped eETH,2422.82,5924087994.0,-6.50385,4052880.0,06/21/2025 21:35
hedera-hashgraph,hbar,Hedera,0.136469,5767451052.0,-5.8697,128115479.0,06/21/2025 21:35
monero,xmr,Monero,307.54,5681815799.0,-3.06386,56112464.0,06/21/2025 21:35
ethena-usde,usde,Ethena USDe,1.001,5598956166.0,0.06768,98093757.0,06/21/2025 21:35
polkadot,dot,Polkadot,3.27,4982095569.0,-5.11438,196776917.0,06/21/2025 21:35
bitget-token,bgb,Bitget Token,4.19,4909200665.0,-1.21503,61257907.0,06/21/2025 21:35
coinbase-wrapped-btc,cbbtc,Coinbase Wrapped BTC,102217.0,4729019847.0,-1.13326,284345778.0,06/21/2025 21:35
pepe,pepe,Pepe,9.22e-06,3889548076.0,-8.14374,750112647.0,06/21/2025 21:35
uniswap,uni,Uniswap,6.39,3838764761.0,-9.58151,649906226.0,06/21/2025 21:35
pi-network,pi,Pi Network,0.504041,3809967544.0,-7.08312,77466243.0,06/21/2025 21:35
dai,dai,Dai,0.999911,3727469459.0,0.03021,54477263.0,06/21/2025 21:35
aave,aave,Aave,231.95,3517748681.0,-6.01814,367091769.0,06/21/2025 21:35
ethena-staked-usde,susde,Ethena Staked USDe,1.18,3188078999.0,0.06441,12943351.0,06/21/2025 21:35
okb,okb,OKB,50.68,3046159661.0,-2.18529,7287361.0,06/21/2025 21:35
blackrock-usd-institutional-digital-liquidity-fund,buidl,BlackRock USD Institutional Digital Liquidity Fund,1.0,2891612149.0,0.0,0.0,06/21/2025 21:35
bittensor,tao,Bittensor,312.58,2775926135.0,-8.32782,127771989.0,06/21/2025 21:35
aptos,apt,Aptos,4.09,2627689561.0,-5.48408,351521655.0,06/21/2025 21:35
crypto-com-chain,cro,Cronos,0.083036,2583535053.0,-5.44752,18594918.0,06/21/2025 21:35
susds,susds,sUSDS,1.056,2569509692.0,0.01433,10717727.0,06/21/2025 21:35
internet-computer,icp,Internet Computer,4.67,2501538715.0,-6.0576,61671755.0,06/21/2025 21:35
jito-staked-sol,jitosol,Jito Staked SOL,162.48,2404972618.0,-4.03138,44370974.0,06/21/2025 21:35
near,near,NEAR Protocol,1.94,2382503154.0,-7.33178,151926936.0,06/21/2025 21:35
ethereum-classic,etc,Ethereum Classic,15.48,2361834294.0,-4.24806,70394942.0,06/21/2025 21:35
bitcoin,btc,Bitcoin,102350.0,2034706906973.0,-1.10677,28298438569.0,06/21/2025 21:53
ethereum,eth,Ethereum,2262.71,273104626400.0,-6.56079,20036258321.0,06/21/2025 21:53
tether,usdt,Tether,1.0,155829474748.0,0.01389,45234359423.0,06/21/2025 21:53
ripple,xrp,XRP,2.05,121019539459.0,-3.46336,2444194094.0,06/21/2025 21:53
binancecoin,bnb,BNB,629.47,91704677148.0,-2.24435,571136125.0,06/21/2025 21:53
solana,sol,Solana,134.31,71214346862.0,-4.08217,4591712198.0,06/21/2025 21:53
usd-coin,usdc,USDC,0.999807,61243410280.0,0.00041,6937424298.0,06/21/2025 21:53
tron,trx,TRON,0.271,25695113381.0,-0.82109,613249873.0,06/21/2025 21:53
dogecoin,doge,Dogecoin,0.153955,23062754515.0,-5.59464,1076584923.0,06/21/2025 21:53
staked-ether,steth,Lido Staked Ether,2264.91,20757685378.0,-6.48683,20373595.0,06/21/2025 21:53
cardano,ada,Cardano,0.549181,19829085508.0,-6.01484,695951440.0,06/21/2025 21:53
wrapped-bitcoin,wbtc,Wrapped Bitcoin,102227.0,13178273873.0,-1.03358,251692025.0,06/21/2025 21:53
hyperliquid,hype,Hyperliquid,33.07,11045885899.0,-4.20274,346282888.0,06/21/2025 21:53
wrapped-steth,wsteth,Wrapped stETH,2725.01,9658705763.0,-6.72162,14847464.0,06/21/2025 21:53
bitcoin-cash,bch,Bitcoin Cash,465.11,9246601214.0,-0.15549,311578325.0,06/21/2025 21:53
sui,sui,Sui,2.55,8658442004.0,-6.51961,911241258.0,06/21/2025 21:53
leo-token,leo,LEO Token,8.96,8266481067.0,0.62279,2525075.0,06/21/2025 21:53
chainlink,link,Chainlink,11.94,8097473761.0,-5.59234,368384456.0,06/21/2025 21:53
stellar,xlm,Stellar,0.235372,7339701809.0,-3.23945,157945314.0,06/21/2025 21:53
usds,usds,USDS,0.999878,7129759244.0,0.00816,3994385.0,06/21/2025 21:53
avalanche-2,avax,Avalanche,16.73,7043574108.0,-4.59305,392054262.0,06/21/2025 21:53
the-open-network,ton,Toncoin,2.84,7010790510.0,-2.99967,158241781.0,06/21/2025 21:53
whitebit,wbt,WhiteBIT Coin,48.53,6993622543.0,-1.02464,44144548.0,06/21/2025 21:53
shiba-inu,shib,Shiba Inu,1.082e-05,6375761281.0,-5.10009,146383116.0,06/21/2025 21:53
binance-bridged-usdt-bnb-smart-chain,bsc-usd,Binance Bridged USDT (BNB Smart Chain),1.001,6293396167.0,0.17939,4975323879.0,06/21/2025 21:53
litecoin,ltc,Litecoin,80.24,6093869178.0,-3.77613,299682558.0,06/21/2025 21:53
weth,weth,WETH,2261.71,5953948280.0,-6.61948,254178834.0,06/21/2025 21:53
wrapped-eeth,weeth,Wrapped eETH,2420.4,5916533652.0,-6.61444,4092991.0,06/21/2025 21:53
hedera-hashgraph,hbar,Hedera,0.136644,5771194585.0,-5.79507,124225672.0,06/21/2025 21:53
monero,xmr,Monero,307.65,5674850008.0,-2.97377,56419126.0,06/21/2025 21:53
ethena-usde,usde,Ethena USDe,1.0,5601647152.0,0.02473,98950900.0,06/21/2025 21:53
polkadot,dot,Polkadot,3.27,4974561441.0,-5.12977,196366681.0,06/21/2025 21:53
bitget-token,bgb,Bitget Token,4.19,4908833376.0,-1.13482,61815845.0,06/21/2025 21:53
coinbase-wrapped-btc,cbbtc,Coinbase Wrapped BTC,102311.0,4734483289.0,-1.05012,288417162.0,06/21/2025 21:53
pepe,pepe,Pepe,9.22e-06,3873704137.0,-8.1292,761008719.0,06/21/2025 21:53
uniswap,uni,Uniswap,6.41,3836837163.0,-9.05846,653062752.0,06/21/2025 21:53
pi-network,pi,Pi Network,0.500881,3734541318.0,-7.66964,87865130.0,06/21/2025 21:53
dai,dai,Dai,0.99985,3727451655.0,0.00662,50212791.0,06/21/2025 21:53
aave,aave,Aave,232.66,3519730699.0,-5.77492,373324089.0,06/21/2025 21:53
ethena-staked-usde,susde,Ethena Staked USDe,1.18,3188049295.0,0.07085,13019324.0,06/21/2025 21:53
okb,okb,OKB,50.81,3041407108.0,-2.43063,10948040.0,06/21/2025 21:53
blackrock-usd-institutional-digital-liquidity-fund,buidl,BlackRock USD Institutional Digital Liquidity Fund,1.0,2891612149.0,0.0,0.0,06/21/2025 21:53
bittensor,tao,Bittensor,312.82,2774090028.0,-8.29554,128822685.0,06/21/2025 21:53
aptos,apt,Aptos,4.09,2629657847.0,-5.43498,333390381.0,06/21/2025 21:53
crypto-com-chain,cro,Cronos,0.083197,2587939090.0,-5.42136,18699072.0,06/21/2025 21:53
susds,susds,sUSDS,1.056,2569325618.0,0.00899,10369178.0,06/21/2025 21:53
internet-computer,icp,Internet Computer,4.68,2502328386.0,-5.58289,62643885.0,06/21/2025 21:53
jito-staked-sol,jitosol,Jito Staked SOL,163.13,2407638267.0,-3.78599,30824746.0,06/21/2025 21:53
near,near,NEAR Protocol,1.94,2382564794.0,-6.99968,155119104.0,06/21/2025 21:53
ethereum-classic,etc,Ethereum Classic,15.48,2358049393.0,-4.26257,70274904.0,06/21/2025 21:53
